{"data/sppnw41.txt": {"BGA_improved": {"costs": [18912, 18912, 18912, 18912, 18912, 18912, 18912, 18912, 18912, 18912, 18912, 18912, 18912, 18912, 18912, 18912, 18912, 18912, 18912, 18912, 18912, 18912, 18912, 18912, 18912, 18912, 18912, 18912, 18912, 18912], "times": [0.02700791700044647, 0.027116041994304396, 0.02693395799724385, 0.026899457996478304, 0.026992375002009794, 0.026811457995790988, 0.026919875002931803, 0.026804000008269213, 0.026733124992460944, 0.02680300000065472, 0.026660624993382953, 0.0266764159896411, 0.026729125005658716, 0.026874125003814697, 0.026995624997653067, 0.026711375001468696, 0.026911166991339996, 0.028023291000863537, 0.026743374997749925, 0.02664349999395199, 0.02704266599903349, 0.026789625000674278, 0.02693458400608506, 0.027078625003923662, 0.026784625006257556, 0.026786333008203655, 0.02680825001152698, 0.02682016699691303, 0.02692258299794048, 0.026883500002440996], "average_cost": 18912, "standard_deviation_cost": 0.0, "average_time": 0.02689469299997048, "standard_deviation_time": 0.00024659234357401447}, "BGA_standard": {"costs": [20409, 19227, 18912, 19227, 19869, 22458, 19830, 20184, 18912, 18912, 18912, 19542, 18933, 18933, 18912, 18912, 19227, 18927, 19227, 19227, 21636, 19227, 18972, 18912, 18912, 21648, 19227, 18933, 18912, 20238], "times": [0.12016666700947098, 0.120355417006067, 0.12178979199961759, 0.12261812499491498, 0.12128254199342337, 0.12027279200265184, 0.12089325000124518, 0.12100895801268052, 0.11969470899202861, 0.1200195419951342, 0.12163104199862573, 0.11992100000497885, 0.12147008400643244, 0.12156941700959578, 0.12140699999872595, 0.12069641699781641, 0.12293316700379364, 0.1203187499922933, 0.12061099999118596, 0.12105741701088846, 0.12065724999411032, 0.12293374999717344, 0.12015783299284521, 0.12218020900036208, 0.12218900000152644, 0.11997729100403376, 0.12260887499724049, 0.12220870899909642, 0.12154479100718163, 0.12137466699641664], "average_cost": 19510.3, "standard_deviation_cost": 932.4340838309457, "average_time": 0.12118498210038524, "standard_deviation_time": 0.0009511757410068738}, "simulated_annealing": {"costs": [24051, 20247, 20583, 20727, 25884, 25524, 25551, 24273, 23778, 22821, 20688, 20235, 23715, 19929, 23454, 23523, 24657, 22524, 24465, 22887, 22017, 21327, 22740, 23268, 25398, 22749, 22284, 23682, 20403, 23553], "times": [0.027537874993868172, 0.027778250005212612, 0.027890625002328306, 0.028010709007503465, 0.027777875002357177, 0.02782154199667275, 0.02798416599398479, 0.027983166990452446, 0.028559584010508843, 0.02812345899292268, 0.02793004098930396, 0.028090207997593097, 0.027716832992155105, 0.0280761670001084, 0.027626833005342633, 0.028073915993445553, 0.02767199999652803, 0.0277861660142662, 0.02784416599024553, 0.02806879099807702, 0.027736624993849546, 0.02792491699801758, 0.027949958996032365, 0.027922750014113262, 0.02785479101294186, 0.027895457998965867, 0.028008500012219884, 0.02803445800964255, 0.027845208009239286, 0.02797520800959319], "average_cost": 22897.9, "standard_deviation_cost": 1753.0517892698062, "average_time": 0.027916674900916406, "standard_deviation_time": 0.00018973661660261651}}, "data/sppnw42.txt": {"BGA_improved": {"costs": [16342, 16342, 16342, 16342, 16342, 16342, 16342, 16342, 16342, 16342, 16342, 16342, 16342, 16342, 16342, 16342, 16342, 16342, 16342, 16342, 16342, 16342, 16342, 16342, 16342, 16342, 16342, 16342, 16342, 16342], "times": [0.22546162499929778, 0.2294024580041878, 0.22848333399451803, 0.22847504199307878, 0.2290349169925321, 0.22688320899032988, 0.23055070800182875, 0.22753591599757783, 0.2303224589995807, 0.227166083001066, 0.22926358399854507, 0.22801920800702646, 0.23098612499597948, 0.22833791600714903, 0.23217441700398922, 0.22804304199235048, 0.23192099999869242, 0.22857079199457075, 0.23284104200138245, 0.228527415994904, 0.23549974999332335, 0.22925874999782536, 0.23335175000829622, 0.22973545799322892, 0.2337464589945739, 0.23221570800524205, 0.23373316699871793, 0.2305028749979101, 0.23557474999688566, 0.23033779200341087], "average_cost": 16342, "standard_deviation_cost": 0.0, "average_time": 0.23019855839860004, "standard_deviation_time": 0.002550941772013612}, "BGA_standard": {"costs": [19942, 20160, 20374, 19846, 20322, 19564, 19014, 20214, 20074, 19540, 19648, 21184, 20594, 20828, 21236, 18186, 19892, 19822, 21634, 19864, 20546, 20582, 21764, 20338, 18980, 20178, 19838, 20462, 21376, 19570], "times": [0.3431265830004122, 0.34868954100238625, 0.34654545900411904, 0.3413594169978751, 0.3463327920035226, 0.34095199999865144, 0.3540436250041239, 0.3383502079959726, 0.3424234590056585, 0.33347991600749083, 0.3500619580008788, 0.34743404199252836, 0.3500334159907652, 0.34448012500070035, 0.34198562501114793, 0.34422416701272596, 0.35454933300206903, 0.3487232089973986, 0.3498556669946993, 0.3469365420023678, 0.3536268749885494, 0.3531646659976104, 0.35486999999557156, 0.3564732499944512, 0.3509881670033792, 0.3456753339996794, 0.3584799579984974, 0.34496487501019146, 0.3464080840058159, 0.33886562500265427], "average_cost": 20185.733333333334, "standard_deviation_cost": 789.0106827358323, "average_time": 0.3472367972673965, "standard_deviation_time": 0.005852155467545014}, "simulated_annealing": {"costs": [25760, 23818, 26508, 25582, 24398, 26062, 26448, 24298, 25602, 27530, 24118, 25608, 22490, 21666, 23708, 25192, 23206, 23198, 29362, 24266, 23112, 25002, 24510, 26412, 25450, 27830, 24242, 27616, 26260, 23592], "times": [0.1739797920017736, 0.17502933299692813, 0.1742847499990603, 0.17386733400053345, 0.1743199999909848, 0.1746938330034027, 0.1739931659976719, 0.175328792000073, 0.17491241700190585, 0.1761120419978397, 0.17457058301079087, 0.1747918750043027, 0.17480804098886438, 0.1760384169901954, 0.17344366600445937, 0.17467441699409392, 0.17555229100980796, 0.17439116700552404, 0.17500754100910854, 0.17437633300141897, 0.17524691700236872, 0.1752450409985613, 0.1752759170049103, 0.17526408399862703, 0.1751622919982765, 0.17460795798979234, 0.1738205830042716, 0.17476533399894834, 0.1740858340053819, 0.17578554200008512], "average_cost": 25094.866666666665, "standard_deviation_cost": 1726.659815812087, "average_time": 0.17478117640033208, "standard_deviation_time": 0.0006592449363348094}}, "data/sppnw43.txt": {"BGA_improved": {"costs": [11626, 11626, 11626, 11626, 11626, 11626, 11626, 11626, 11626, 11626, 11626, 11626, 11626, 11626, 11626, 11626, 11626, 11626, 11626, 11626, 11626, 11626, 11626, 11626, 11626, 11626, 11626, 11626, 11626, 11626], "times": [0.16650825001124758, 0.16567058299551718, 0.16751008300343528, 0.16427754200412892, 0.1679025830089813, 0.16467345799901523, 0.1681049580074614, 0.16566195798804983, 0.16893962500034831, 0.1845287920004921, 0.17035075000603683, 0.16703283299284521, 0.16742970800260082, 0.1691531670076074, 0.16962020900973585, 0.16799570799048524, 0.16894983300880995, 0.1677228750049835, 0.1682398330012802, 0.16676195900072344, 0.16850562499894295, 0.1683206669986248, 0.16886008399887942, 0.16718374998890795, 0.1690769580018241, 0.16873079098877497, 0.16970612500153948, 0.16780629100685474, 0.17029712500516325, 0.1687288749963045], "average_cost": 11626, "standard_deviation_cost": 0.0, "average_time": 0.1684750332676534, "standard_deviation_time": 0.0033791491747782614}, "BGA_standard": {"costs": [13194, 13602, 13256, 13660, 13602, 13556, 14280, 13612, 12908, 14258, 11972, 13954, 14432, 13252, 13662, 13714, 13604, 12436, 13808, 13042, 14128, 15282, 12472, 13770, 13598, 13602, 13570, 13980, 12978, 13838],