{"BGA_improved": {"costs": [18912, 16342, 16342, 11626, 16342, 16342, 18912, 18912, 16342, 16342, 18912, 18912, 16342, 16342, 16342, 11626, 16342, 18912, 11626, 16342, 16342, 18912, 11626, 18912, 18912, 16342, 11626, 11626, 11626, 18912], "times": [0.08109680004417896, 0.6717586999293417, 0.7113178998697549, 0.5299307000823319, 0.6764867000747472, 0.696508500026539, 0.08526029996573925, 0.07608530018478632, 0.6406380999833345, 0.6311179001349956, 0.07678320002742112, 0.07854979997500777, 0.6885003999341279, 0.6742746999952942, 0.6841657001059502, 0.4998306999914348, 0.7197225000709295, 0.0855295998044312, 0.5121530999895185, 0.7039302000775933, 0.7148188999854028, 0.09062470006756485, 0.5255261999554932, 0.0904109999537468, 0.08347780001349747, 0.7015119998250157, 0.5047188999596983, 0.5063161000143737, 0.4961706998292357, 0.08538810000754893], "average_cost": 16098.266666666666, "standard_deviation_cost": 2754.00281638267, "average_time": 0.4440868399959678, "standard_deviation_time": 0.2692115486427891}, "BGA_standard": {"costs": [14100, 13510, 19572, 19542, 18927, 14338, 22458, 18927, 20306, 19076, 19869, 18912, 21156, 18628, 19840, 19708, 20788, 14190, 20110, 19430, 13994, 20222, 20470, 13118, 18912, 13372, 13010, 18912, 20356, 18912], "times": [0.4378395997919142, 0.4154033998493105, 0.18437140015885234, 0.19609929993748665, 0.1942209000699222, 0.4404916998464614, 0.1822623999323696, 0.1941879999358207, 0.5444872998632491, 0.4968208000063896, 0.20279030012898147, 0.1868338999338448, 0.5232969999779016, 0.5077354998793453, 0.5197152001783252, 0.4932693999726325, 0.4962707001250237, 0.44556540017947555, 0.5277758999727666, 0.5031858999282122, 0.43198740016669035, 0.5467640000861138, 0.5738791998010129, 0.4856292000040412, 0.2133223998825997, 0.4733897000551224, 0.4680958001408726, 0.21264080004766583, 0.5620387000963092, 0.21388570009730756], "average_cost": 18155.5, "standard_deviation_cost": 2852.856085544377, "average_time": 0.39580856333486736, "standard_deviation_time": 0.14700528021884005}, "simulated_annealing": {"costs": [18006, 26850, 18068, 19128, 25107, 23190, 15518, 18927, 26698, 26055, 23679, 25977, 16118, 14854, 24566, 27036, 20565, 23121, 27062, 27136, 16912, 20859, 24394, 16118, 26716, 25236, 26902, 21642, 16182, 16598], "times": [0.09789040009491146, 0.016553400084376335, 0.08574470016174018, 0.09082809998653829, 0.018234800081700087, 0.017013199860230088, 0.09124410012736917, 0.01734430016949773, 0.10113309998996556, 0.017499499954283237, 0.01788849988952279, 0.01740749995224178, 0.09257819992490113, 0.10350829991512, 0.10440149996429682, 0.10088009992614388, 0.017251500161364675, 0.01855699997395277, 0.09693569992668927, 0.09970139991492033, 0.09157649986445904, 0.017440499970689416, 0.10015300009399652, 0.089382000034675, 0.1022863001562655, 0.10175539995543659, 0.10227730008773506, 0.11076420010067523, 0.09044209984131157, 0.08677109982818365], "average_cost": 21974, "standard_deviation_cost": 4327.892678253789, "average_time": 0.0705147899997731, "standard_deviation_time": 0.03850616797083695}}