{"data/sppnw41.txt": {"BGA_improved": {"costs": [18912, 18912, 18912, 18912, 18912, 18912, 18912, 18912, 18912, 18912, 18912, 18912, 18912, 18912, 18912, 18912, 18912, 18912, 18912, 18912, 18912, 18912, 18912, 18912, 18912, 18912, 18912, 18912, 18912, 18912], "times": [0.03729899999962072, 0.03475780000007944, 0.035417899998719804, 0.03515429999970365, 0.035831400000461144, 0.036086999998588, 0.035622900000817026, 0.03529690000141272, 0.03556380000009085, 0.035214399998949375, 0.03532989999985148, 0.03578720000041358, 0.0370535000001837, 0.03525260000060371, 0.03540849999990314, 0.035664299999552895, 0.03563920000124199, 0.03485050000017509, 0.03566489999866462, 0.03813550000086252, 0.03587119999974675, 0.035074000001259265, 0.03537510000023758, 0.035110099999656086, 0.035933099999965634, 0.03517720000127156, 0.03634090000014112, 0.035311100000399165, 0.03566080000018701, 0.035170999999536434], "average_cost": 18912, "standard_deviation_cost": 0.0, "average_time": 0.03566853333340987, "standard_deviation_time": 0.0007275130596509062}, "BGA_standard": {"costs": [19227, 19227, 18912, 19227, 18912, 18933, 18927, 18912, 19644, 21006, 18912, 19227, 18912, 18912, 18912, 18933, 18912, 18933, 18912, 18912, 19227, 18912, 19227, 19947, 18933, 19884, 18912, 18912, 18912, 19077], "times": [0.17682860000059009, 0.1793083000011393, 0.1761884999996255, 0.1753059000002395, 0.1805318000006082, 0.18003390000012587, 0.1802332999995997, 0.18109650000042166, 0.17682609999974375, 0.17489719999866793, 0.18262770000001183, 0.175759099998686, 0.17849690000002738, 0.17888479999965057, 0.17683890000080282, 0.1762813000004826, 0.17912859999887587, 0.1760536999991018, 0.17334500000106345, 0.1825793000007252, 0.17636279999896942, 0.17934489999970538, 0.18080620000000636, 0.17717559999982768, 0.17529350000040722, 0.18731500000103551, 0.17675190000045404, 0.17596899999989546, 0.18773749999854772, 0.21641339999951015], "average_cost": 19144.9, "standard_deviation_cost": 452.3486868365582, "average_time": 0.1798138399999516, "standard_deviation_time": 0.0076873159709179234}, "simulated_annealing": {"costs": [20220, 20277, 26487, 23292, 22431, 25305, 24612, 24165, 23412, 20184, 27102, 20103, 20073, 22479, 23316, 26925, 22914, 20973, 26670, 21621, 19560, 23634, 27915, 26580, 21147, 25233, 29274, 20937, 23466, 21198], "times": [0.01972100000057253, 0.016635800000585732, 0.0170085999998264, 0.016656499999953667, 0.016741899999033194, 0.01642819999869971, 0.01892960000077437, 0.017339100000754115, 0.016730400000597, 0.01655639999989944, 0.016624699999738368, 0.016598999998677755, 0.016719200000807177, 0.01651520000086748, 0.01668229999995674, 0.016644299999825307, 0.016661900001054164, 0.016633400000500842, 0.016659599999911734, 0.016692700000930927, 0.016983599998638965, 0.017033699999956298, 0.019811899999695015, 0.017314599999735947, 0.01675969999996596, 0.016637100001389626, 0.01652050000120653, 0.01683960000082152, 0.016787399999884656, 0.016542800000024727], "average_cost": 23383.5, "standard_deviation_cost": 2719.216187141764, "average_time": 0.017013690000142863, "standard_deviation_time": 0.0008741258768572039}}, "data/sppnw42.txt": {"BGA_improved": {"costs": [16342, 16342, 16342, 16342, 16342, 16342, 16342, 16342, 16342, 16342, 16342, 16342, 16342, 16342, 16342, 16342, 16342, 16342, 16342, 16342, 16342, 16342, 16342, 16342, 16342, 16342, 16342, 16342, 16342, 16342], "times": [0.31821490000038466, 0.2923063000016555, 0.29943959999945946, 0.2923811000000569, 0.2951214999993681, 0.2919510000010632, 0.31219209999835584, 0.29451740000149584, 0.3037906000008661, 0.2927202999999281, 0.30371220000051835, 0.3018584000001283, 0.3100206999988586, 0.30172549999952025, 0.30104839999876276, 0.2946704000005411, 0.3618690000002971, 0.30210929999884684, 0.32545050000044284, 0.3174466000000393, 0.29785460000130115, 0.29752779999944323, 0.314368999999715, 0.3045282999992196, 0.3034322000003158, 0.29968510000071547, 0.30878649999976915, 0.31729319999976724, 0.309487700000318, 0.2942198999990069], "average_cost": 16342, "standard_deviation_cost": 0.0, "average_time": 0.305324336666672, "standard_deviation_time": 0.013917552728259577}, "BGA_standard": {"costs": [20400, 20836, 18854, 21678, 20966, 20136, 19146, 18372, 20248, 21390, 18362, 19938, 19330, 21080, 20236, 22628, 21004, 20846, 20438, 20212, 21076, 22302, 22150, 20990, 19486, 19946, 19828, 20516, 20108, 20588], "times": [0.563514600000417, 0.5693367000003491, 0.5683485999998084, 0.5613161000001128, 0.5559876000006625, 0.5661394999988261, 0.5689985000008164, 0.5601346000003105, 0.5796869999994669, 0.557112499998766, 0.5658171000013681, 0.5645272000001569, 0.5781384999991133, 0.5605341000009503, 0.5718239000016183, 0.5586896000004344, 0.5739172999983566, 0.5585073999991437, 0.5822040000002744, 0.5625201000002562, 0.5583425999993779, 0.5793023000005633, 0.5624203999996098, 0.5861494000000675, 0.5589654999985214, 0.5577931999996508, 0.6005174000001716, 0.5601541999985784, 0.5782865000001038, 0.5630734999995184], "average_cost": 20436.333333333332, "standard_deviation_cost": 1047.2620570286856, "average_time": 0.567741996666579, "standard_deviation_time": 0.01047225753262016}, "simulated_annealing": {"costs": [27314, 24460, 22356, 25750, 23414, 23462, 24864, 24708, 26422, 27008, 21544, 25870, 22308, 25406, 26664, 25270, 22218, 25556, 22948, 27364, 23498, 23594, 27384, 24816, 23602, 23964, 26212, 24704, 25618, 27978], "times": [0.0985049999999319, 0.09801730000071984, 0.09605840000040189, 0.0990300000012212, 0.0978266000001895, 0.10373840000102064, 0.09626009999919916, 0.10143470000002708, 0.09834520000003977, 0.10129899999992631, 0.09975450000092678, 0.09745329999896057, 0.09685499999977765, 0.09752019999905315, 0.09726159999991069, 0.10087629999907222, 0.09694880000097328, 0.09817060000023048, 0.09661810000034166, 0.10453559999950812, 0.09721650000028603, 0.09751420000065991, 0.0963595000011992, 0.09936240000024554, 0.10004999999910069, 0.0998001000007207, 0.09634829999959038, 0.09786789999998291, 0.101150399999824, 0.10363559999859717], "average_cost": 24875.866666666665, "standard_deviation_cost": 1745.5650154000296, "average_time": 0.09886045333338794, "standard_deviation_time": 0.002337299936909002}}, "data/sppnw43.txt": {"BGA_improved": {"costs": [11626, 11626, 11626, 11626, 11626, 11626, 11626, 11626, 11626, 11626, 11626, 11626, 11626, 11626, 11626, 11626, 11626, 11626, 11626, 11626, 11626, 11626, 11626, 11626, 11626, 11626, 11626, 11626, 11626, 11626], "times": [0.219596900000397, 0.22217579999960435, 0.2177525000006426, 0.21947430000000168, 0.22444790000008652, 0.21991650000018126, 0.2178593999997247, 0.22243369999887364, 0.21710560000065016, 0.2148016999999527, 0.22014970000054745, 0.21618909999961033, 0.2353321999999025, 0.2261488999993162, 0.22010760000011942, 0.2168530999988434, 0.21862460000011197, 0.2217090999984066, 0.22041570000146748, 0.22026949999963108, 0.215914000000339, 0.22358579999854555, 0.21755140000095707, 0.21752899999955844, 0.22146170000087295, 0.21711619999950926, 0.23230729999886535, 0.22626859999945736, 0.22835889999987558, 0.22116239999922982], "average_cost": 11626, "standard_deviation_cost": 0.0, "average_time": 0.22108730333317606, "standard_deviation_time": 0.0047595696411999715}, "BGA_standard": {"costs": [13844, 13340, 14160, 13212, 12994, 12986, 13520, 13668, 13300, 13342, 13522, 14194, 13240, 13452, 14176, 14056, 12680, 13244, 13734, 13924, 12416, 13458, 13896, 13128, 13462, 15108, 13518, 13784, 13566, 13568],